{
    "swagger": "2.0",
    "info": {
        "description": "Repeatro Swagger describes all endpoints.",
        "title": "Repeatro",
        "contact": {
            "name": "khasan",
            "url": "https://t.me/tomatocoder",
            "email": "xasanFN@mail.ru"
        },
        "version": "1.0"
    },
    "host": "localhost:8080",
    "basePath": "/",
    "paths": {
        "/answers": {
            "post": {
                "description": "Submit answers to cards",
                "consumes": [
                    "application/json"
                ],
                "produces": [
                    "application/json"
                ],
                "tags": [
                    "answers"
                ],
                "summary": "Submit answers",
                "parameters": [
                    {
                        "description": "List of answers",
                        "name": "answers",
                        "in": "body",
                        "required": true,
                        "schema": {
                            "type": "array",
                            "items": {
                                "$ref": "#/definitions/github_com_tomatoCoderq_repeatro_pkg_schemes.AnswerScheme"
                            }
                        }
                    }
                ],
                "responses": {
                    "200": {
                        "description": "OK",
                        "schema": {
                            "type": "object",
                            "additionalProperties": {
                                "type": "string"
                            }
                        }
                    },
                    "400": {
                        "description": "Bad Request",
                        "schema": {
                            "type": "object",
                            "additionalProperties": {
                                "type": "string"
                            }
                        }
                    },
                    "500": {
                        "description": "Internal Server Error",
                        "schema": {
                            "type": "object",
                            "additionalProperties": {
                                "type": "string"
                            }
                        }
                    }
                }
            }
        },
        "/card": {
            "post": {
                "description": "Add a new card for the authenticated user",
                "consumes": [
                    "application/json"
                ],
                "produces": [
                    "application/json"
                ],
                "tags": [
                    "cards"
                ],
                "summary": "Add a card",
                "parameters": [
                    {
                        "description": "Card to add",
                        "name": "card",
                        "in": "body",
                        "required": true,
                        "schema": {
                            "$ref": "#/definitions/github_com_tomatoCoderq_repeatro_pkg_models.Card"
                        }
                    }
                ],
                "responses": {
                    "200": {
                        "description": "OK",
                        "schema": {
                            "$ref": "#/definitions/github_com_tomatoCoderq_repeatro_pkg_models.Card"
                        }
                    },
                    "500": {
                        "description": "Internal Server Error",
                        "schema": {
                            "type": "object",
                            "additionalProperties": {
                                "type": "string"
                            }
                        }
                    }
                }
            }
        },
        "/card/{id}": {
            "put": {
                "description": "Update a card's content by ID",
                "consumes": [
                    "application/json"
                ],
                "produces": [
                    "application/json"
                ],
                "tags": [
                    "cards"
                ],
                "summary": "Update a card",
                "parameters": [
                    {
                        "type": "string",
                        "description": "Card ID",
                        "name": "id",
                        "in": "path",
                        "required": true
                    },
                    {
                        "description": "Updated card data",
                        "name": "card",
                        "in": "body",
                        "required": true,
                        "schema": {
                            "$ref": "#/definitions/github_com_tomatoCoderq_repeatro_pkg_schemes.UpdateCardScheme"
                        }
                    }
                ],
                "responses": {
                    "200": {
                        "description": "OK",
                        "schema": {
                            "$ref": "#/definitions/github_com_tomatoCoderq_repeatro_pkg_models.Card"
                        }
                    },
                    "400": {
                        "description": "Bad Request",
                        "schema": {
                            "type": "object",
                            "additionalProperties": {
                                "type": "string"
                            }
                        }
                    }
                }
            },
            "delete": {
                "description": "Delete a card by ID",
                "tags": [
                    "cards"
                ],
                "summary": "Delete a card",
                "parameters": [
                    {
                        "type": "string",
                        "description": "Card ID",
                        "name": "id",
                        "in": "path",
                        "required": true
                    }
                ],
                "responses": {
                    "200": {
                        "description": "OK"
                    },
                    "400": {
                        "description": "Bad Request",
                        "schema": {
                            "type": "object",
                            "additionalProperties": {
                                "type": "string"
                            }
                        }
                    }
                }
            }
        },
        "/cards": {
            "get": {
                "description": "Retrieves all cards assigned to the user for learning",
                "produces": [
                    "application/json"
                ],
                "tags": [
                    "cards"
                ],
                "summary": "Get all cards to learn",
                "responses": {
                    "200": {
                        "description": "OK",
                        "schema": {
                            "type": "array",
                            "items": {
                                "$ref": "#/definitions/github_com_tomatoCoderq_repeatro_pkg_models.Card"
                            }
                        }
                    },
                    "500": {
                        "description": "Internal Server Error",
                        "schema": {
                            "type": "object",
                            "additionalProperties": {
                                "type": "string"
                            }
                        }
                    }
                }
            }
        },
        "/deck": {
            "post": {
                "description": "Create a new deck",
                "consumes": [
                    "application/json"
                ],
                "produces": [
                    "application/json"
                ],
                "tags": [
                    "decks"
                ],
                "summary": "Add a deck",
                "parameters": [
                    {
                        "description": "Deck to add",
                        "name": "deck",
                        "in": "body",
                        "required": true,
                        "schema": {
                            "$ref": "#/definitions/github_com_tomatoCoderq_repeatro_pkg_models.Deck"
                        }
                    }
                ],
                "responses": {
                    "200": {
                        "description": "OK",
                        "schema": {
                            "$ref": "#/definitions/github_com_tomatoCoderq_repeatro_pkg_models.Deck"
                        }
                    },
                    "400": {
                        "description": "Bad Request",
                        "schema": {
                            "type": "object",
                            "additionalProperties": {
                                "type": "string"
                            }
                        }
                    },
                    "500": {
                        "description": "Internal Server Error",
                        "schema": {
                            "type": "object",
                            "additionalProperties": {
                                "type": "string"
                            }
                        }
                    }
                }
            }
        },
        "/deck/{deck_id}/card/{card_id}": {
            "post": {
                "description": "Add a card to a specific deck",
                "tags": [
                    "decks"
                ],
                "summary": "Add card to deck",
                "parameters": [
                    {
                        "type": "string",
                        "description": "Card ID",
                        "name": "card_id",
                        "in": "path",
                        "required": true
                    },
                    {
                        "type": "string",
                        "description": "Deck ID",
                        "name": "deck_id",
                        "in": "path",
                        "required": true
                    }
                ],
                "responses": {
                    "200": {
                        "description": "OK"
                    },
                    "400": {
                        "description": "Bad Request",
                        "schema": {
                            "type": "object",
                            "additionalProperties": {
                                "type": "string"
                            }
                        }
                    },
                    "500": {
                        "description": "Internal Server Error",
                        "schema": {
                            "type": "object",
                            "additionalProperties": {
                                "type": "string"
                            }
                        }
                    }
                }
            }
        },
        "/deck/{id}": {
            "get": {
                "description": "Retrieves a deck by its ID",
                "tags": [
                    "decks"
                ],
                "summary": "Get deck by ID",
                "parameters": [
                    {
                        "type": "string",
                        "description": "Deck ID",
                        "name": "id",
                        "in": "path",
                        "required": true
                    }
                ],
                "responses": {
                    "200": {
                        "description": "OK",
                        "schema": {
                            "$ref": "#/definitions/github_com_tomatoCoderq_repeatro_pkg_models.Deck"
                        }
                    },
                    "400": {
                        "description": "Bad Request",
                        "schema": {
                            "type": "object",
                            "additionalProperties": {
                                "type": "string"
                            }
                        }
                    },
                    "500": {
                        "description": "Internal Server Error",
                        "schema": {
                            "type": "object",
                            "additionalProperties": {
                                "type": "string"
                            }
                        }
                    }
                }
            },
            "delete": {
                "description": "Delete a deck by ID",
                "tags": [
                    "decks"
                ],
                "summary": "Delete a deck",
                "parameters": [
                    {
                        "type": "string",
                        "description": "Deck ID",
                        "name": "id",
                        "in": "path",
                        "required": true
                    }
                ],
                "responses": {
                    "200": {
                        "description": "OK"
                    },
                    "400": {
                        "description": "Bad Request",
                        "schema": {
                            "type": "object",
                            "additionalProperties": {
                                "type": "string"
                            }
                        }
                    },
                    "500": {
                        "description": "Internal Server Error",
                        "schema": {
                            "type": "object",
                            "additionalProperties": {
                                "type": "string"
                            }
                        }
                    }
                }
            }
        },
        "/deck/{id}/cards": {
            "get": {
                "description": "Retrieve all cards from a specific deck",
                "tags": [
                    "decks"
                ],
                "summary": "Get cards from deck",
                "parameters": [
                    {
                        "type": "string",
                        "description": "Deck ID",
                        "name": "id",
                        "in": "path",
                        "required": true
                    }
                ],
                "responses": {
                    "200": {
                        "description": "OK",
                        "schema": {
                            "type": "array",
                            "items": {
                                "$ref": "#/definitions/github_com_tomatoCoderq_repeatro_pkg_models.Card"
                            }
                        }
                    },
                    "400": {
                        "description": "Bad Request",
                        "schema": {
                            "type": "object",
                            "additionalProperties": {
                                "type": "string"
                            }
                        }
                    },
                    "500": {
                        "description": "Internal Server Error",
                        "schema": {
                            "type": "object",
                            "additionalProperties": {
                                "type": "string"
                            }
                        }
                    }
                }
            }
        },
        "/decks": {
            "get": {
                "description": "Retrieves all decks in the system",
                "produces": [
                    "application/json"
                ],
                "tags": [
                    "decks"
                ],
                "summary": "Get all decks",
                "responses": {
                    "200": {
                        "description": "OK",
                        "schema": {
                            "type": "array",
                            "items": {
                                "$ref": "#/definitions/github_com_tomatoCoderq_repeatro_pkg_models.Deck"
                            }
                        }
                    },
                    "500": {
                        "description": "Internal Server Error",
                        "schema": {
                            "type": "object",
                            "additionalProperties": {
                                "type": "string"
                            }
                        }
                    }
                }
            }
        },
        "/login": {
            "post": {
                "description": "Logs in a user and returns a JWT token",
                "consumes": [
                    "application/json"
                ],
                "produces": [
                    "application/json"
                ],
                "tags": [
                    "sso"
                ],
                "summary": "Logs in a user",
                "parameters": [
                    {
                        "description": "Email of user",
                        "name": "email",
                        "in": "body",
                        "required": true,
                        "schema": {
                            "type": "string"
                        }
                    },
                    {
                        "description": "Password of user",
                        "name": "password",
                        "in": "body",
                        "required": true,
                        "schema": {
                            "type": "string"
                        }
                    },
                    {
                        "description": "Application ID",
                        "name": "app_id",
                        "in": "body",
                        "required": true,
                        "schema": {
                            "type": "integer"
                        }
                    }
                ],
                "responses": {
                    "200": {
                        "description": "OK",
                        "schema": {
                            "type": "object",
                            "additionalProperties": true
                        }
                    },
                    "400": {
                        "description": "Bad Request",
                        "schema": {
                            "type": "object",
                            "additionalProperties": {
                                "type": "string"
                            }
                        }
                    },
                    "500": {
                        "description": "Internal Server Error",
                        "schema": {
                            "type": "object",
                            "additionalProperties": {
                                "type": "string"
                            }
                        }
                    }
                }
            }
        },
        "/register": {
            "post": {
                "description": "Register by email, name, and password, getting user_id",
                "consumes": [
                    "application/json"
                ],
                "produces": [
                    "application/json"
                ],
                "tags": [
                    "sso"
                ],
                "summary": "Registers new user to the system",
                "parameters": [
                    {
                        "description": "Name of user",
                        "name": "name",
                        "in": "body",
                        "required": true,
                        "schema": {
                            "type": "string"
                        }
                    },
                    {
                        "description": "Email of user",
                        "name": "email",
                        "in": "body",
                        "required": true,
                        "schema": {
                            "type": "string"
                        }
                    },
                    {
                        "description": "Password of user (\u003e 6 letters)",
                        "name": "password",
                        "in": "body",
                        "required": true,
                        "schema": {
                            "type": "string"
                        }
                    }
                ],
                "responses": {
                    "200": {
                        "description": "OK",
                        "schema": {
                            "type": "object",
                            "additionalProperties": true
                        }
                    },
                    "400": {
                        "description": "Bad Request",
                        "schema": {
                            "type": "object",
                            "additionalProperties": {
                                "type": "string"
                            }
                        }
                    },
                    "500": {
                        "description": "Internal Server Error",
                        "schema": {
                            "type": "object",
                            "additionalProperties": {
                                "type": "string"
                            }
                        }
                    }
                }
            }
        }
    },
    "definitions": {
        "github_com_tomatoCoderq_repeatro_pkg_models.Card": {
            "type": "object",
            "properties": {
                "card_id": {
                    "type": "string"
                },
                "created_at": {
                    "type": "string"
                },
                "created_by": {
                    "type": "string"
                },
                "deck_id": {
                    "type": "string"
                },
                "easiness": {
                    "type": "number"
                },
                "expires_at": {
                    "type": "string"
                },
                "interval": {
                    "type": "integer"
                },
                "repetition_number": {
                    "type": "integer"
                },
                "tags": {
                    "type": "array",
                    "items": {
                        "type": "string"
                    }
                },
                "translation": {
                    "type": "string"
                },
                "updated_at": {
                    "type": "string"
                },
                "word": {
                    "type": "string"
                }
            }
        },
        "github_com_tomatoCoderq_repeatro_pkg_models.Deck": {
            "type": "object",
            "properties": {
                "cards": {
                    "description": "CardsQuantity uint          `gorm:\"type:int unsigned;default=0\" json:\"cards_quantity\"`",
                    "type": "array",
                    "items": {
                        "$ref": "#/definitions/github_com_tomatoCoderq_repeatro_pkg_models.Card"
                    }
                },
                "created_at": {
                    "type": "string"
                },
                "created_by": {
                    "type": "string"
                },
                "deck_id": {
                    "type": "string"
                },
                "description": {
                    "type": "string"
                },
                "name": {
                    "type": "string"
                }
            }
        },
        "github_com_tomatoCoderq_repeatro_pkg_schemes.AnswerScheme": {
            "type": "object",
            "properties": {
                "card_id": {
                    "type": "string"
                },
                "grade": {
                    "type": "integer"
                }
            }
        },
        "github_com_tomatoCoderq_repeatro_pkg_schemes.UpdateCardScheme": {
            "type": "object",
            "properties": {
                "easiness": {
                    "type": "number"
                },
                "expires_at": {
                    "type": "string"
                },
                "interval": {
                    "type": "integer"
                },
                "repetition_number": {
                    "type": "integer"
                },
                "tags": {
                    "type": "array",
                    "items": {
                        "type": "string"
                    }
                },
                "translation": {
                    "type": "string"
                },
                "updated_at": {
                    "type": "string"
                },
                "word": {
                    "type": "string"
                }
            }
        }
    },
    "securityDefinitions": {
        "BasicAuth": {
            "type": "basic"
        }
    },
    "externalDocs": {
        "description": "OpenAPI",
        "url": "https://swagger.io/resources/open-api/"
    }
}